-- phpMyAdmin SQL Dump
-- version 5.2.1
-- https://www.phpmyadmin.net/
--
-- Host: 127.0.0.1
-- Generation Time: Jan 08, 2025 at 10:21 PM
-- Server version: 10.4.32-MariaDB
-- PHP Version: 8.0.30

SET SQL_MODE = "NO_AUTO_VALUE_ON_ZERO";
START TRANSACTION;
SET time_zone = "+00:00";


/*!40101 SET @OLD_CHARACTER_SET_CLIENT=@@CHARACTER_SET_CLIENT */;
/*!40101 SET @OLD_CHARACTER_SET_RESULTS=@@CHARACTER_SET_RESULTS */;
/*!40101 SET @OLD_COLLATION_CONNECTION=@@COLLATION_CONNECTION */;
/*!40101 SET NAMES utf8mb4 */;

--
-- Database: `bassetdb`
--
CREATE DATABASE IF NOT EXISTS `bassetdb` DEFAULT CHARACTER SET utf8mb4 COLLATE utf8mb4_general_ci;
USE `bassetdb`;

-- --------------------------------------------------------

--
-- Table structure for table `course`
--

CREATE TABLE `course` (
  `CourseID` int(11) NOT NULL,
  `Course_title` varchar(100) NOT NULL,
  `Course_description` text DEFAULT NULL,
  `Course_image` varchar(255) DEFAULT NULL,
  `semester` varchar(100) DEFAULT NULL CHECK (`semester` in ('S1','S2','S3')),
  `price` int(11) DEFAULT NULL,
  `UserID` int(11) DEFAULT NULL
) ENGINE=InnoDB DEFAULT CHARSET=utf8mb4 COLLATE=utf8mb4_general_ci;

--
-- Dumping data for table `course`
--

INSERT INTO `course` (`CourseID`, `Course_title`, `Course_description`, `Course_image`, `semester`, `price`, `UserID`) VALUES
(5, 'Ø§Ù„Ø¯Ø§Ù„Ø© Ø§Ù„Ø£Ø³ÙŠØ©', 'ÙÙŠ Ù‡Ø°Ù‡ Ø§Ù„ÙˆØ­Ø¯Ø© Ø³Ù†ØªØ·Ø±Ù‚ Ø¥Ù„Ù‰:ØªØ¹Ø±ÙŠÙ ÙˆØ§Ø¶Ø­ ÙˆÙ…Ø¨Ø³Ø· Ù„Ù„Ø¯Ø§Ù„Ø© Ø§Ù„Ø£Ø³ÙŠØ© ÙˆÙÙ‡Ù… ØµÙŠØºØªÙ‡Ø§ Ø§Ù„Ø¹Ø§Ù…Ø©.Ø´Ø±Ø­ Ø®ØµØ§Ø¦Øµ Ø§Ù„Ø¯ÙˆØ§Ù„ Ø§Ù„Ø£Ø³ÙŠØ© Ù…Ø«Ù„ Ø§Ù„Ù†Ù…Ùˆ Ø§Ù„Ø£Ø³ÙŠ ÙˆØ§Ù„ØªØºÙŠØ±Ø§Øª Ø§Ù„Ù†Ø§ØªØ¬Ø© Ø¹Ù† Ù‚Ø§Ø¹Ø¯Ø© Ø§Ù„Ø£Ø³.Ø¯Ø±Ø§Ø³Ø© Ø§Ù„Ø¹Ù„Ø§Ù‚Ø§Øª Ø¨ÙŠÙ† Ø§Ù„Ø¯Ø§Ù„Ø© Ø§Ù„Ø£Ø³ÙŠØ© ÙˆØ§Ù„Ø¯ÙˆØ§Ù„ Ø§Ù„Ù„ÙˆØºØ§Ø±ÙŠØªÙ…ÙŠØ©.Ø§Ø³ØªØ¹Ø±Ø§Ø¶ ØªØ·Ø¨ÙŠÙ‚Ø§Øª Ø¹Ù…Ù„ÙŠØ© Ø¹Ù„Ù‰ Ø§Ù„Ø¯ÙˆØ§Ù„ Ø§Ù„Ø£Ø³ÙŠØ© ÙÙŠ Ø§Ù„Ù…Ø¬Ø§Ù„Ø§Øª Ø§Ù„Ø¹Ù„Ù…ÙŠØ© ÙˆØ§Ù„Ø­ÙŠØ§ØªÙŠØ©.Ø­Ù„ Ø£ÙƒØ«Ø± Ù…Ù† 15 ØªÙ…Ø±ÙŠÙ†Ø§Ù‹ ÙˆÙ†Ù…ÙˆØ°Ø¬ Ø§Ù…ØªØ­Ø§Ù† ÙŠØ´Ù…Ù„ Ù…Ø®ØªÙ„Ù Ø§Ù„Ù…Ø³ØªÙˆÙŠØ§Øª Ø§Ù„Ù…ØªØ¹Ù„Ù‚Ø© Ø¨Ø§Ù„Ø¯ÙˆØ§Ù„ Ø§Ù„Ø£Ø³ÙŠØ©.ØªÙ‚Ø¯ÙŠÙ… Ù…Ø­Ø§Ø¶Ø±Ø§Øª Ù…Ø³Ø¬Ù„Ø© ÙˆØ£Ø®Ø±Ù‰ Ù…Ø¨Ø§Ø´Ø±Ø© Ù„ØªÙˆØ¶ÙŠØ­ Ø§Ù„Ù†Ù‚Ø§Ø· Ø§Ù„ØµØ¹Ø¨Ø© ÙˆØ¯Ø¹Ù… Ø§Ù„ÙÙ‡Ù….ØªÙ‚ÙŠÙŠÙ… Ù…Ø³ØªÙˆÙ‰ ØªÙ‚Ø¯Ù…Ùƒ Ù…Ù† Ø®Ù„Ø§Ù„ Ø§Ø®ØªØ¨Ø§Ø±Ø§Øª Ø¯ÙˆØ±ÙŠØ© Ù‚ØµÙŠØ±Ø©.Ù‡Ø¯ÙÙ†Ø§ Ù‡Ùˆ Ø§Ù„ØªØ£ÙƒØ¯ Ù…Ù† ÙÙ‡Ù…Ùƒ Ø§Ù„ÙƒØ§Ù…Ù„ Ù„Ù„Ø¯ÙˆØ§Ù„ Ø§Ù„Ø£Ø³ÙŠØ© ÙˆÙ‚Ø¯Ø±ØªÙƒ Ø¹Ù„Ù‰ ØªØ·Ø¨ÙŠÙ‚Ù‡Ø§ ÙÙŠ Ø§Ù„Ø§Ù…ØªØ­Ø§Ù†Ø§Øª ÙˆØ§Ù„Ù…Ø³Ø§Ø¦Ù„ Ø§Ù„Ù…Ø¹Ù‚Ø¯Ø©.', 'uploads/images/677d215a02f709.41666144.jpg', 'S3', 2200, 5),
(6, 'Ø§Ù„Ø§Ø­ØªÙ…Ø§Ù„Ø§Øª', 'ÙÙŠ Ù‡Ø°Ù‡ Ø§Ù„ÙˆØ­Ø¯Ø© Ø³Ù†ØªØ·Ø±Ù‚ Ø¥Ù„Ù‰:\r\n\r\nØªØ¹Ø±ÙŠÙ Ø§Ù„Ø§Ø­ØªÙ…Ø§Ù„Ø§Øª ÙˆÙÙ‡Ù… Ù…ÙÙ‡ÙˆÙ… Ø§Ù„ØªØ¬Ø±Ø¨Ø© Ø§Ù„Ø¹Ø´ÙˆØ§Ø¦ÙŠØ©.\r\nØ´Ø±Ø­ Ø§Ù„Ù…Ø³Ù„Ù…Ø§Øª Ø§Ù„Ø£Ø³Ø§Ø³ÙŠØ© Ù„Ù„Ø§Ø­ØªÙ…Ø§Ù„Ø§Øª ÙˆÙ‚ÙˆØ§Ø¹Ø¯Ù‡Ø§.\r\nØ¯Ø±Ø§Ø³Ø© Ù…ÙÙ‡ÙˆÙ… ÙØ¶Ø§Ø¡ Ø§Ù„Ø¹ÙŠÙ†Ø© ÙˆØ§Ù„Ø£Ø­Ø¯Ø§Ø« ÙˆÙƒÙŠÙÙŠØ© ØªÙ…Ø«ÙŠÙ„Ù‡Ø§.\r\nØªØ­Ù„ÙŠÙ„ Ù‚ÙˆØ§Ù†ÙŠÙ† Ø§Ù„Ø§Ø­ØªÙ…Ø§Ù„Ø§Øª Ù…Ø«Ù„ Ù…Ø¬Ù…ÙˆØ¹ Ø§Ù„Ø£Ø­Ø¯Ø§Ø« ÙˆØ­Ø§ØµÙ„ Ø§Ù„Ø¶Ø±Ø¨.\r\nØ§Ø³ØªØ¹Ø±Ø§Ø¶ Ø§Ù„Ø£Ù…Ø«Ù„Ø© Ø§Ù„Ø¹Ù…Ù„ÙŠØ© Ù„Ø­Ø³Ø§Ø¨ Ø§Ù„Ø§Ø­ØªÙ…Ø§Ù„Ø§Øª ÙÙŠ Ù…ÙˆØ§Ù‚Ù Ù…Ø®ØªÙ„ÙØ©.\r\nØ´Ø±Ø­ Ø§Ù„Ø§Ø­ØªÙ…Ø§Ù„Ø§Øª Ø§Ù„Ù…Ø´Ø±ÙˆØ·Ø© ÙˆÙ…Ø³ØªÙ‚Ù„Ø§Øª Ø§Ù„Ø£Ø­Ø¯Ø§Ø«.\r\nØ­Ù„ Ø£ÙƒØ«Ø± Ù…Ù† 20 ØªÙ…Ø±ÙŠÙ†Ø§Ù‹ ÙˆÙ†Ù…Ø§Ø°Ø¬ Ø§Ù…ØªØ­Ø§Ù†Ø§Øª Ù…Ø±ØªØ¨Ø·Ø© Ø¨Ù…ÙˆØ¶ÙˆØ¹ Ø§Ù„Ø§Ø­ØªÙ…Ø§Ù„Ø§Øª.\r\nØªÙ‚Ø¯ÙŠÙ… Ù…Ø­Ø§Ø¶Ø±Ø§Øª Ù…Ø¨Ø§Ø´Ø±Ø© ÙˆÙ…Ø³Ø¬Ù„Ø© Ù„ØªÙˆØ¶ÙŠØ­ Ø§Ù„Ù…ÙØ§Ù‡ÙŠÙ… Ø¨Ø£Ø³Ù„ÙˆØ¨ Ù…Ø¨Ø³Ø· ÙˆØ¯Ù‚ÙŠÙ‚.\r\nØªÙ‚Ø¯ÙŠÙ… Ø§Ø®ØªØ¨Ø§Ø±Ø§Øª ØªÙ‚ÙŠÙŠÙ… Ø´Ø¨Ù‡ Ø£Ø³Ø¨ÙˆØ¹ÙŠØ© Ù„Ù…ØªØ§Ø¨Ø¹Ø© Ù…Ø³ØªÙˆÙ‰ ØªÙ‚Ø¯Ù…Ùƒ.\r\nÙ‡Ø¯ÙÙ†Ø§ Ù‡Ùˆ Ø§Ù„ÙˆØµÙˆÙ„ Ø¨Ùƒ Ø¥Ù„Ù‰ Ù…Ø³ØªÙˆÙ‰ ÙŠÙ…ÙƒÙ‘Ù†Ùƒ Ù…Ù† Ø­Ù„ Ø£ÙŠ Ù…Ø³Ø£Ù„Ø© Ø§Ø­ØªÙ…Ø§Ù„ÙŠØ© Ù…Ù‡Ù…Ø§ ÙƒØ§Ù†Øª Ù…Ø¹Ù‚Ø¯Ø©.', 'uploads/images/677d219017a665.11663106.jpg', 'S3', 1500, 5),
(7, 'Ø§Ù„Ù…ØªØªØ§Ù„ÙŠØ§Øª', 'ØªØ¹Ø±ÙŠÙ Ø§Ù„Ù…ØªØªØ§Ù„ÙŠØ§Øª Ø§Ù„Ø¹Ø¯Ø¯ÙŠØ© ÙˆÙ…ÙÙ‡ÙˆÙ… Ø§Ù„Ø­Ø¯ Ø§Ù„Ù†ÙˆÙ†ÙŠ.\r\nØ¯Ø±Ø§Ø³Ø© Ø£Ù†ÙˆØ§Ø¹ Ø§Ù„Ù…ØªØªØ§Ù„ÙŠØ§Øª: Ø§Ù„Ù…ØªØªØ§Ù„ÙŠØ© Ø§Ù„Ø­Ø³Ø§Ø¨ÙŠØ©ØŒ ÙˆØ§Ù„Ù‡Ù†Ø¯Ø³ÙŠØ©ØŒ ÙˆØ§Ù„Ù…ØªØªØ§Ù„ÙŠØ§Øª Ø§Ù„Ø¹Ø§Ù…Ø©.\r\nØ´Ø±Ø­ Ø§Ù„Ù‚ÙˆØ§Ù†ÙŠÙ† Ø§Ù„Ø£Ø³Ø§Ø³ÙŠØ© Ù„Ø­Ø³Ø§Ø¨ Ø§Ù„Ø­Ø¯ÙˆØ¯ ÙˆØ§Ù„Ù…Ø¬Ù…ÙˆØ¹Ø§Øª.\r\nÙÙ‡Ù… Ø®ÙˆØ§Øµ Ø§Ù„ØªØ²Ø§ÙŠØ¯ØŒ Ø§Ù„ØªÙ†Ø§Ù‚ØµØŒ ÙˆØ­Ø¯ÙˆØ¯ Ø§Ù„ØªÙ‚Ø§Ø±Ø¨ Ù„Ù„Ù…ØªØªØ§Ù„ÙŠØ§Øª.\r\nØªØ·Ø¨ÙŠÙ‚Ø§Øª Ø§Ù„Ù…ØªØªØ§Ù„ÙŠØ§Øª ÙÙŠ Ø§Ù„Ø­Ø³Ø§Ø¨Ø§Øª ÙˆØ§Ù„Ø­ÙŠØ§Ø© Ø§Ù„ÙŠÙˆÙ…ÙŠØ©.\r\nØ­Ù„ Ø£ÙƒØ«Ø± Ù…Ù† 25 ØªÙ…Ø±ÙŠÙ†Ø§Ù‹ ÙˆÙ†Ù…Ø§Ø°Ø¬ Ø§Ù…ØªØ­Ø§Ù†Ø§Øª Ø´Ø§Ù…Ù„Ø© Ø­ÙˆÙ„ Ø§Ù„Ù…ØªØªØ§Ù„ÙŠØ§Øª.\r\nØªÙ‚Ø¯ÙŠÙ… Ø´Ø±ÙˆØ­Ø§Øª Ù…Ø¨Ø§Ø´Ø±Ø© ÙˆÙ…Ø³Ø¬Ù„Ø© Ù„Ø¬Ù…ÙŠØ¹ Ø£Ù†ÙˆØ§Ø¹ Ø§Ù„Ù…ØªØªØ§Ù„ÙŠØ§Øª Ù…Ø¹ Ø£Ù…Ø«Ù„Ø© Ø¹Ù…Ù„ÙŠØ©.\r\nØ¥Ø¬Ø±Ø§Ø¡ Ø§Ø®ØªØ¨Ø§Ø±Ø§Øª Ø¯ÙˆØ±ÙŠØ© Ù„ØªÙ‚ÙŠÙŠÙ… ØªÙ‚Ø¯Ù…Ùƒ ÙÙŠ ÙÙ‡Ù… Ø§Ù„Ù…Ø§Ø¯Ø©.\r\nÙ‡Ø¯ÙÙ†Ø§ Ù‡Ùˆ Ø¨Ù†Ø§Ø¡ Ù‚Ø§Ø¹Ø¯Ø© Ù…Ø¹Ø±ÙÙŠØ© Ù…ØªÙŠÙ†Ø© ØªØ¬Ø¹Ù„Ùƒ Ù‚Ø§Ø¯Ø±Ø§Ù‹ Ø¹Ù„Ù‰ Ø§Ù„ØªØ¹Ø§Ù…Ù„ Ù…Ø¹ Ø£ÙŠ Ù…Ø³Ø£Ù„Ø© Ø£Ùˆ ØªÙ…Ø±ÙŠÙ† Ù…ØªØ¹Ù„Ù‚ Ø¨Ø§Ù„Ù…ØªØªØ§Ù„ÙŠØ§Øª Ø¨Ø³Ù‡ÙˆÙ„Ø© ÙˆÙƒÙØ§Ø¡Ø©.', 'uploads/images/year3-sequence.jpg', 'S3', 500, 5),
(8, 'Ø§Ù„Ù…Ø¹Ø§Ø¯Ù„Ø§Øª Ø§Ù„Ø®Ø·ÙŠØ© ÙˆØ§Ù„Ù…ØªØ±Ø§Ø¬Ø­Ø§Øª', 'ÙÙŠ Ù‡Ø°Ù‡ Ø§Ù„Ø¯ÙˆØ±Ø© Ø³Ù†ØªØ·Ø±Ù‚ Ø¥Ù„Ù‰:\r\n\r\nØªØ¹Ø±ÙŠÙ Ø§Ù„Ù…Ø¹Ø§Ø¯Ù„Ø© ÙˆØ§Ù„Ù…ØªØ±Ø§Ø¬Ø­Ø© ÙˆØªÙ…ÙŠÙŠØ² Ø§Ù„ÙØ±Ù‚ Ø¨ÙŠÙ†Ù‡Ù…Ø§.\r\nØ¯Ø±Ø§Ø³Ø© Ø·Ø±Ù‚ Ø­Ù„ Ø§Ù„Ù…Ø¹Ø§Ø¯Ù„Ø§Øª Ø§Ù„Ø®Ø·ÙŠØ© Ø¨Ø£Ù†ÙˆØ§Ø¹Ù‡Ø§.\r\nØ§Ø³ØªØ¹Ø±Ø§Ø¶ Ø·Ø±Ù‚ Ø­Ù„ Ø§Ù„Ù…ØªØ±Ø§Ø¬Ø­Ø§Øª Ø§Ù„Ø®Ø·ÙŠØ© Ø¨Ø£Ø³Ù„ÙˆØ¨ Ù…Ø¨Ø³Ø·.\r\nØ­Ù„ Ø£Ù†Ø¸Ù…Ø© Ø§Ù„Ù…Ø¹Ø§Ø¯Ù„Ø§Øª Ø§Ù„Ø®Ø·ÙŠØ© Ø¨Ø§Ø³ØªØ®Ø¯Ø§Ù… Ø·Ø±ÙŠÙ‚Ø© Ø§Ù„ØªØ¹ÙˆÙŠØ¶ ÙˆØ·Ø±ÙŠÙ‚Ø© Ø§Ù„Ø­Ø°Ù.\r\nØªÙ‚Ø¯ÙŠÙ… ØªÙ…Ø§Ø±ÙŠÙ† ØªØ·Ø¨ÙŠÙ‚ÙŠØ© ÙˆÙ†Ù…Ø§Ø°Ø¬ Ø§Ù…ØªØ­Ø§Ù†Ø§Øª Ù„ØªØ¹Ø²ÙŠØ² Ø§Ù„Ù…Ù‡Ø§Ø±Ø§Øª Ø§Ù„Ù…ÙƒØªØ³Ø¨Ø©.\r\nØ§Ù„ØªØ±ÙƒÙŠØ² Ø¹Ù„Ù‰ Ø§Ù„ÙÙ‡Ù… Ø§Ù„ØªØ·Ø¨ÙŠÙ‚ÙŠ ÙˆØ±Ø¨Ø· Ø§Ù„Ù…Ø§Ø¯Ø© Ø¨Ø­Ù„ Ø§Ù„Ù…Ø³Ø§Ø¦Ù„ Ø§Ù„Ø¹Ù„Ù…ÙŠØ©.\r\nÙ…ØªØ§Ø¨Ø¹Ø© ØªÙ‚Ø¯Ù… Ø§Ù„Ø·Ù„Ø§Ø¨ Ø¹Ø¨Ø± Ø§Ø®ØªØ¨Ø§Ø±Ø§Øª Ù‚ØµÙŠØ±Ø© Ù„ØªÙ‚ÙŠÙŠÙ… Ø§Ù„Ù…Ù‡Ø§Ø±Ø§Øª.', 'uploads/images/year2-angle.jpg', 'S1', 800, 5),
(9, 'Ø§Ù„Ù†Ù‡Ø§ÙŠØ§Øª', 'ÙÙŠ Ù‡Ø°Ù‡ Ø§Ù„Ø¯ÙˆØ±Ø© Ø³Ù†ØªØ·Ø±Ù‚ Ø¥Ù„Ù‰:\r\n\r\nØªØ¹Ø±ÙŠÙ Ø§Ù„Ù†Ù‡Ø§ÙŠØ© ÙˆÙ…ÙÙ‡ÙˆÙ… Ø§Ù„Ø§Ù‚ØªØ±Ø§Ø¨ Ù„Ù„Ù‚ÙŠÙ… Ø§Ù„Ø¹Ø¯Ø¯ÙŠØ©.\r\nØ¯Ø±Ø§Ø³Ø© Ø§Ù„Ø®ÙˆØ§Øµ ÙˆØ§Ù„Ù‚ÙˆØ§Ù†ÙŠÙ† Ø§Ù„Ø£Ø³Ø§Ø³ÙŠØ© Ù„Ù„Ù†Ù‡Ø§ÙŠØ§Øª.\r\nØ´Ø±Ø­ Ø§Ù„Ù†Ø¸Ø±ÙŠØ§Øª Ø§Ù„Ù…ØªØ¹Ù„Ù‚Ø© Ø¨Ø§Ù„Ø§ØªØµØ§Ù„ ÙˆÙ…Ø¹Ù†Ù‰ Ø¯Ø§Ù„Ø© Ù…ØªØµÙ„Ø©.\r\nØªØ·Ø¨ÙŠÙ‚ Ø§Ù„Ù†Ù‡Ø§ÙŠØ§Øª ÙˆØ§Ù„Ø§ØªØµØ§Ù„ ÙÙŠ Ø¯Ø±Ø§Ø³Ø© Ø§Ù„ØªØºÙŠØ±Ø§Øª ÙˆÙ…Ø¹Ø¯Ù„ Ø§Ù„Ù†Ù…Ùˆ.\r\nØ­Ù„ ØªÙ…Ø§Ø±ÙŠÙ† Ù…ØªÙ†ÙˆØ¹Ø© Ø­ÙˆÙ„ Ø­Ø³Ø§Ø¨ Ø§Ù„Ù†Ù‡Ø§ÙŠØ§Øª ÙˆØ­Ø§Ù„Ø§Øª Ø¹Ø¯Ù… Ø§Ù„ØªØ¹ÙŠÙŠÙ†.\r\nØªÙ‚Ø¯ÙŠÙ… Ø£Ù…Ø«Ù„Ø© Ù…Ù† Ø§Ù„Ø­ÙŠØ§Ø© Ø§Ù„ÙˆØ§Ù‚Ø¹ÙŠØ© Ù„Ø´Ø±Ø­ Ø§Ù„ØªØ·Ø¨ÙŠÙ‚Ø§Øª Ø§Ù„Ø¹Ù…Ù„ÙŠØ© Ù„Ù„Ù†Ù‡Ø§ÙŠØ§Øª.\r\nÙ…ØªØ§Ø¨Ø¹Ø© Ø§Ù„Ø£Ø¯Ø§Ø¡ Ù…Ù† Ø®Ù„Ø§Ù„ Ø§Ù…ØªØ­Ø§Ù†Ø§Øª Ù‚ØµÙŠØ±Ø© ÙˆÙ…Ø±Ø§Ø¬Ø¹Ø§Øª Ø´Ø§Ù…Ù„Ø©.', 'uploads/images/year1-functions.jpg', 'S2', 1500, 5);

-- --------------------------------------------------------

--
-- Table structure for table `coursesummarize`
--

CREATE TABLE `coursesummarize` (
  `summarizeID` int(11) NOT NULL,
  `summary_content` varchar(5000) DEFAULT NULL,
  `CourseID` int(11) DEFAULT NULL
) ENGINE=InnoDB DEFAULT CHARSET=utf8mb4 COLLATE=utf8mb4_general_ci;

--
-- Dumping data for table `coursesummarize`
--

INSERT INTO `coursesummarize` (`summarizeID`, `summary_content`, `CourseID`) VALUES
(1, 'uploads/summaries/expf.pdf', 5),
(2, 'uploads/summaries/dzexams-docs-3as-903987.pdf', 6),
(3, 'uploads/summaries/dzexams-docs-2as-900606.pdf', 7);

-- --------------------------------------------------------

--
-- Table structure for table `feedback`
--

CREATE TABLE `feedback` (
  `FeedbackID` int(11) NOT NULL,
  `UserID` int(11) DEFAULT NULL,
  `FeedbackContent` text DEFAULT NULL,
  `Rating` int(11) DEFAULT NULL CHECK (`Rating` between 1 and 5),
  `FeedbackSendDate` date DEFAULT NULL
) ENGINE=InnoDB DEFAULT CHARSET=utf8mb4 COLLATE=utf8mb4_general_ci;

-- --------------------------------------------------------

--
-- Table structure for table `message`
--

CREATE TABLE `message` (
  `MessageID` int(11) NOT NULL,
  `UserName` varchar(100) DEFAULT NULL,
  `UserEmail` varchar(255) DEFAULT NULL,
  `MessageContent` text DEFAULT NULL,
  `MessageStatus` varchar(100) DEFAULT NULL CHECK (`MessageStatus` in ('READ','NOTREAD')),
  `UserID` int(11) DEFAULT NULL
) ENGINE=InnoDB DEFAULT CHARSET=utf8mb4 COLLATE=utf8mb4_general_ci;

-- --------------------------------------------------------

--
-- Table structure for table `password_reset_codes`
--

CREATE TABLE `password_reset_codes` (
  `PassID` int(11) NOT NULL,
  `UserID` int(11) NOT NULL,
  `Code` varchar(6) NOT NULL
) ENGINE=InnoDB DEFAULT CHARSET=utf8mb4 COLLATE=utf8mb4_general_ci;

-- --------------------------------------------------------

--
-- Table structure for table `payement`
--

CREATE TABLE `payement` (
  `PayementID` int(11) NOT NULL,
  `StudentID` int(11) DEFAULT NULL,
  `Payementphoto` varchar(255) DEFAULT NULL,
  `Payementvalue` varchar(100) DEFAULT NULL,
  `PaymentStatus` varchar(100) DEFAULT NULL,
  `payment_date` date DEFAULT NULL,
  `AdminID` int(11) DEFAULT NULL
) ENGINE=InnoDB DEFAULT CHARSET=utf8mb4 COLLATE=utf8mb4_general_ci;

--
-- Dumping data for table `payement`
--

INSERT INTO `payement` (`PayementID`, `StudentID`, `Payementphoto`, `Payementvalue`, `PaymentStatus`, `payment_date`, `AdminID`) VALUES
(1, 3, '677d2e7ca1d20.jpg', '5000', 'accepted', '2025-01-07', NULL),
(2, 3, '677d2ec82d6aa.jpg', '5000', 'Pending', '2025-01-07', NULL),
(3, 4, '677d2fd13cc07.jpg', '5000', 'accepted', '2025-01-07', NULL),
(4, 4, '677d2fd824bba.jpg', '5000', 'Pending', '2025-01-07', NULL);

-- --------------------------------------------------------

--
-- Table structure for table `post`
--

CREATE TABLE `post` (
  `PostID` int(11) NOT NULL,
  `PostDescription` text DEFAULT NULL,
  `PostLikesCounter` int(11) DEFAULT 0,
  `PostStatus` varchar(100) NOT NULL CHECK (`PostStatus` in ('ACTIVE','DELETED')),
  `PostImage` varchar(255) DEFAULT NULL,
  `PostPublicationDate` date NOT NULL,
  `UserID` int(11) DEFAULT NULL
) ENGINE=InnoDB DEFAULT CHARSET=utf8mb4 COLLATE=utf8mb4_general_ci;

--
-- Dumping data for table `post`
--

INSERT INTO `post` (`PostID`, `PostDescription`, `PostLikesCounter`, `PostStatus`, `PostImage`, `PostPublicationDate`, `UserID`) VALUES
(1, 'ÙŠØ³Ø±Ù†Ø§ Ø£Ù† Ù†Ø¹Ù„Ù† Ø£Ù†Ù‡ ØªÙ… Ø¥Ø¶Ø§ÙØ© Ø¯ÙˆØ±Ø© \"Ø§Ù„Ø¯Ø§Ù„Ø© Ø§Ù„Ø£Ø³ÙŠØ©\" Ø¥Ù„Ù‰ Ù…ÙˆÙ‚Ø¹Ù†Ø§. Ø§Ø³ØªÙÙŠØ¯ÙˆØ§ Ù…Ù† Ù…Ø­ØªÙˆØ§Ù‡Ø§ Ø§Ù„ØºÙ†ÙŠ ÙˆØ§Ù„Ù…Ù‡Ù… ØªØ­Øª Ø¥Ø´Ø±Ø§Ù Ø§Ù„Ø£Ø³ØªØ§Ø° Ø¹Ø¨Ø¯ Ø§Ù„Ø¨Ø§Ø³Ø· Ù„ØªØ¹Ø²ÙŠØ² Ù…Ø¹Ø±ÙØªÙƒÙ… ÙˆÙÙ‡Ù…ÙƒÙ… ÙÙŠ Ù‡Ø°Ø§ Ø§Ù„Ù…ÙˆØ¶ÙˆØ¹ Ø§Ù„Ø­ÙŠÙˆÙŠ.', 1, 'ACTIVE', '../assets/images/677d215a02f709.41666144.jpg', '2025-01-07', 2),
(2, 'Ù†ÙˆØ¯ Ø¥Ø¹Ù„Ø§Ù…ÙƒÙ… Ø¨Ø¥Ø¶Ø§ÙØ© Ø¯ÙˆØ±Ø© \"Ø§Ù„Ø§Ø­ØªÙ…Ø§Ù„Ø§Øª\" Ø¥Ù„Ù‰ Ù…ÙˆÙ‚Ø¹Ù†Ø§. Ø§ØºØªÙ†Ù…ÙˆØ§ Ø§Ù„ÙØ±ØµØ© Ù„Ù„Ø§Ø³ØªÙØ§Ø¯Ø© Ù…Ù† Ø§Ù„Ù…Ø­ØªÙˆÙ‰ Ø§Ù„Ù‚ÙŠÙ… ÙˆØ§Ù„Ù…ÙÙŠØ¯ ØªØ­Øª Ø¥Ø´Ø±Ø§Ù Ø§Ù„Ø£Ø³ØªØ§Ø° Ø¹Ø¨Ø¯ Ø§Ù„Ø¨Ø§Ø³Ø·ØŒ Ù„ØªØ·ÙˆÙŠØ± Ù…Ù‡Ø§Ø±Ø§ØªÙƒÙ… ÙˆÙÙ‡Ù…ÙƒÙ… ÙÙŠ Ù‡Ø°Ø§ Ø§Ù„Ù…Ø¬Ø§Ù„ Ø§Ù„Ø£Ø³Ø§Ø³ÙŠ.', 1, 'ACTIVE', '../assets/images/677d219017a665.11663106.jpg', '2025-01-07', 2),
(3, 'ØªØ±Ù‚Ø¨ÙˆØ§ Ù…ÙØ§Ø¬Ø£Ø© Ù‡Ø°Ø§ Ø§Ù„ÙØµÙ„ Ø§Ù„Ø¯Ø±Ø§Ø³ÙŠ Ù‚Ø±ÙŠØ¨Ù‹Ø§ Ø¬Ø¯Ù‹Ø§! ØªØ§Ø¨Ø¹ÙˆÙ†Ø§ Ù„ØªÙƒÙˆÙ†ÙˆØ§ Ø£ÙˆÙ„ Ù…Ù† ÙŠØ¹Ø±Ù Ø§Ù„ØªÙØ§ØµÙŠÙ„.', 2, 'ACTIVE', '../assets/images/677d21d741ca30.11108403.jpg', '2025-01-07', 2);

-- --------------------------------------------------------

--
-- Table structure for table `studentcourse`
--

CREATE TABLE `studentcourse` (
  `CourseID` int(11) NOT NULL,
  `UserID` int(11) NOT NULL,
  `Status` varchar(100) DEFAULT NULL CHECK (`Status` in ('ACTIVE','NOTACTIVE'))
) ENGINE=InnoDB DEFAULT CHARSET=utf8mb4 COLLATE=utf8mb4_general_ci;

--
-- Dumping data for table `studentcourse`
--

INSERT INTO `studentcourse` (`CourseID`, `UserID`, `Status`) VALUES
(5, 3, 'ACTIVE'),
(7, 3, 'ACTIVE'),
(9, 3, 'ACTIVE');

-- --------------------------------------------------------

--
-- Table structure for table `studentpost`
--

CREATE TABLE `studentpost` (
  `PostID` int(11) NOT NULL,
  `UserID` int(11) NOT NULL
) ENGINE=InnoDB DEFAULT CHARSET=utf8mb4 COLLATE=utf8mb4_general_ci;

--
-- Dumping data for table `studentpost`
--

INSERT INTO `studentpost` (`PostID`, `UserID`) VALUES
(1, 2),
(2, 5),
(3, 2),
(3, 4);

-- --------------------------------------------------------

--
-- Table structure for table `studentsecurity`
--

CREATE TABLE `studentsecurity` (
  `studSecuID` int(11) NOT NULL,
  `UserID` int(11) DEFAULT NULL,
  `devicetype` varchar(100) DEFAULT NULL,
  `devicename` varchar(100) DEFAULT NULL,
  `deviceoperator` varchar(100) DEFAULT NULL,
  `browser` varchar(100) DEFAULT NULL,
  `logtime` timestamp NOT NULL DEFAULT current_timestamp()
) ENGINE=InnoDB DEFAULT CHARSET=utf8mb4 COLLATE=utf8mb4_general_ci;

--
-- Dumping data for table `studentsecurity`
--

INSERT INTO `studentsecurity` (`studSecuID`, `UserID`, `devicetype`, `devicename`, `deviceoperator`, `browser`, `logtime`) VALUES
(1, 2, 'Mozilla/5.0 (Windows NT 10.0; Win64; x64) AppleWebKit/537.36 (KHTML, like Gecko) Chrome/131.0.0.0 Sa', 'Desktop', 'Windows', 'Chrome', '2025-01-07 12:39:12'),
(2, 3, 'Mozilla/5.0 (Windows NT 10.0; Win64; x64) AppleWebKit/537.36 (KHTML, like Gecko) Chrome/131.0.0.0 Sa', 'Desktop', 'Windows', 'Chrome', '2025-01-07 13:36:37'),
(3, 2, 'Mozilla/5.0 (Windows NT 10.0; Win64; x64) AppleWebKit/537.36 (KHTML, like Gecko) Chrome/131.0.0.0 Sa', 'Desktop', 'Windows', 'Chrome', '2025-01-07 13:39:56'),
(4, 3, 'Mozilla/5.0 (Windows NT 10.0; Win64; x64) AppleWebKit/537.36 (KHTML, like Gecko) Chrome/131.0.0.0 Sa', 'Desktop', 'Windows', 'Chrome', '2025-01-07 13:42:15'),
(5, 4, 'Mozilla/5.0 (Windows NT 10.0; Win64; x64) AppleWebKit/537.36 (KHTML, like Gecko) Chrome/131.0.0.0 Sa', 'Desktop', 'Windows', 'Chrome', '2025-01-07 13:43:26'),
(6, 2, 'Mozilla/5.0 (Windows NT 10.0; Win64; x64) AppleWebKit/537.36 (KHTML, like Gecko) Chrome/131.0.0.0 Sa', 'Desktop', 'Windows', 'Chrome', '2025-01-07 13:52:47'),
(7, 5, 'Mozilla/5.0 (Windows NT 10.0; Win64; x64) AppleWebKit/537.36 (KHTML, like Gecko) Chrome/131.0.0.0 Sa', 'Desktop', 'Windows', 'Chrome', '2025-01-07 13:57:51'),
(8, 5, 'Mozilla/5.0 (Windows NT 10.0; Win64; x64) AppleWebKit/537.36 (KHTML, like Gecko) Chrome/131.0.0.0 Sa', 'Desktop', 'Windows', 'Chrome', '2025-01-07 13:58:55'),
(9, 3, 'Mozilla/5.0 (Windows NT 10.0; Win64; x64) AppleWebKit/537.36 (KHTML, like Gecko) Chrome/131.0.0.0 Sa', 'Desktop', 'Windows', 'Chrome', '2025-01-07 14:05:41'),
(10, 3, 'Mozilla/5.0 (Windows NT 10.0; Win64; x64) AppleWebKit/537.36 (KHTML, like Gecko) Chrome/131.0.0.0 Sa', 'Desktop', 'Windows', 'Chrome', '2025-01-07 14:16:19'),
(11, 5, 'Mozilla/5.0 (Windows NT 10.0; Win64; x64) AppleWebKit/537.36 (KHTML, like Gecko) Chrome/131.0.0.0 Sa', 'Desktop', 'Windows', 'Chrome', '2025-01-07 15:22:28'),
(12, 5, 'Mozilla/5.0 (Windows NT 10.0; Win64; x64) AppleWebKit/537.36 (KHTML, like Gecko) Chrome/131.0.0.0 Sa', 'Desktop', 'Windows', 'Chrome', '2025-01-08 17:30:43'),
(13, 5, 'Mozilla/5.0 (Windows NT 10.0; Win64; x64) AppleWebKit/537.36 (KHTML, like Gecko) Chrome/131.0.0.0 Sa', 'Desktop', 'Windows', 'Chrome', '2025-01-08 17:42:09'),
(14, 3, 'Mozilla/5.0 (Windows NT 10.0; Win64; x64) AppleWebKit/537.36 (KHTML, like Gecko) Chrome/131.0.0.0 Sa', 'Desktop', 'Windows', 'Chrome', '2025-01-08 21:10:16'),
(15, 5, 'Mozilla/5.0 (Windows NT 10.0; Win64; x64) AppleWebKit/537.36 (KHTML, like Gecko) Chrome/131.0.0.0 Sa', 'Desktop', 'Windows', 'Chrome', '2025-01-08 21:16:39'),
(16, 3, 'Mozilla/5.0 (Windows NT 10.0; Win64; x64) AppleWebKit/537.36 (KHTML, like Gecko) Chrome/131.0.0.0 Sa', 'Desktop', 'Windows', 'Chrome', '2025-01-08 21:17:59'),
(17, 5, 'Mozilla/5.0 (Windows NT 10.0; Win64; x64) AppleWebKit/537.36 (KHTML, like Gecko) Chrome/131.0.0.0 Sa', 'Desktop', 'Windows', 'Chrome', '2025-01-08 21:18:16'),
(18, 3, 'Mozilla/5.0 (Windows NT 10.0; Win64; x64) AppleWebKit/537.36 (KHTML, like Gecko) Chrome/131.0.0.0 Sa', 'Desktop', 'Windows', 'Chrome', '2025-01-08 21:19:43');

-- --------------------------------------------------------

--
-- Table structure for table `studenttasks`
--

CREATE TABLE `studenttasks` (
  `TaskID` int(11) NOT NULL,
  `StudentID` int(11) NOT NULL,
  `CourseID` int(11) NOT NULL,
  `stud_solution` text DEFAULT NULL,
  `AssessmentStatus` varchar(100) DEFAULT NULL,
  `AssessmentDate` date DEFAULT NULL,
  `AssessmentScore` int(11) DEFAULT NULL
) ENGINE=InnoDB DEFAULT CHARSET=utf8mb4 COLLATE=utf8mb4_general_ci;

-- --------------------------------------------------------

--
-- Table structure for table `tasks`
--

CREATE TABLE `tasks` (
  `TaskID` int(11) NOT NULL,
  `UserID` int(11) DEFAULT NULL,
  `course_ID` int(11) DEFAULT NULL,
  `Task_title` varchar(100) DEFAULT NULL,
  `Task_description` varchar(100) DEFAULT NULL,
  `Task_file` text DEFAULT NULL,
  `Task_solution` text DEFAULT NULL,
  `DueDate` date DEFAULT NULL,
  `Type` varchar(50) DEFAULT NULL
) ENGINE=InnoDB DEFAULT CHARSET=utf8mb4 COLLATE=utf8mb4_general_ci;

--
-- Dumping data for table `tasks`
--

INSERT INTO `tasks` (`TaskID`, `UserID`, `course_ID`, `Task_title`, `Task_description`, `Task_file`, `Task_solution`, `DueDate`, `Type`) VALUES
(1, 5, 6, 'test', 'test', 'uploads/677eba4c0286b_2-ENSIA 2024-2025 Worksheet 2 (1).pdf', 'uploads/677eba4c02abb_DSA2_chapter 7_Sorting(part1) (1).pdf', '2025-01-16', 'assignment'),
(2, 5, 7, 'testqwer', 'rwrwq', 'uploads/677eba8a9370a_Y2_DSA2_Tutorial 6_2024.docx (1).pdf', 'uploads/677eba8a939e9_2-ENSIA 2024-2025 Worksheet 2 (1).pdf', '2025-01-21', 'exam'),
(3, 5, 6, 'Ø¥Ù…ØªØ­Ø§Ù† Ø´Ø§Ù…Ù„ ÙÙŠ ÙˆØ­Ø¯Ø© Ø§Ù„Ø§Ø­ØªÙ…Ø§Ù„Ø§Øª', 'ÙŠØ®ØªØ¨Ø± Ù‡Ø°Ø§ Ø§Ù„Ø§Ù…ØªØ­Ø§Ù† Ø¬Ù…ÙŠØ¹ Ø§Ù„Ù…ÙØ§Ù‡ÙŠÙ… Ø§Ù„ØªÙŠ ØªÙ…Øª Ø¯Ø±Ø§Ø³ØªÙ‡Ø§ ÙÙŠ ÙˆØ­Ø¯Ø© Ø§Ù„Ø§Ø­ØªÙ…Ø§Ù„Ø§Øª. ÙŠØ´Ù…Ù„ ØªØ¹Ø±ÙŠÙ Ø§Ù„Ø§Ø­ØªÙ…Ø§Ù„Ø§ØªØŒ Ù‚ÙˆØ§Ù†ÙŠÙ†Ù‡', 'uploads/677ee872aec44_dzexams-docs-3as-904742.pdf', 'uploads/677ee872aef12_dzexams-docs-3as-907501.pdf', '2025-01-15', 'exam'),
(4, 5, 7, 'Ø¥Ù…ØªØ­Ø§Ù† Ø´Ø§Ù…Ù„ ÙÙŠ ÙˆØ­Ø¯Ø© Ø§Ù„Ù…ØªØªØ§Ù„ÙŠØ§Øª', 'ÙŠØºØ·ÙŠ Ù‡Ø°Ø§ Ø§Ù„Ø§Ù…ØªØ­Ø§Ù† ÙƒØ§ÙØ© Ø§Ù„Ù…ÙØ§Ù‡ÙŠÙ… Ø§Ù„Ù…ØªØ¹Ù„Ù‚Ø© Ø¨ÙˆØ­Ø¯Ø© Ø§Ù„Ù…ØªØªØ§Ù„ÙŠØ§Øª. ÙŠØ´Ù…Ù„ ØªØ¹Ø±ÙŠÙ Ø§Ù„Ù…ØªØªØ§Ù„ÙŠØ§Øª Ø§Ù„Ø¹Ø¯Ø¯ÙŠØ©ØŒ Ø§Ù„Ø­Ø¯ Ø§Ù„Ù†ÙˆÙ†', 'uploads/677ee88e1d2ee_dzexams-docs-3as-904742.pdf', 'uploads/677ee88e1dca1_dzexams-docs-3as-907501.pdf', '2025-01-14', 'exam'),
(5, 5, 5, 'Ø¥Ù…ØªØ­Ø§Ù† Ø´Ø§Ù…Ù„ ÙÙŠ ÙˆØ­Ø¯Ø© Ø§Ù„Ø¯Ø§Ù„Ø© Ø§Ù„Ø£Ø³ÙŠØ©', 'ÙŠØªÙ†Ø§ÙˆÙ„ Ù‡Ø°Ø§ Ø§Ù„Ø§Ù…ØªØ­Ø§Ù† Ø¬Ù…ÙŠØ¹ Ø§Ù„Ø¬ÙˆØ§Ù†Ø¨ Ø§Ù„Ù…ØªØ¹Ù„Ù‚Ø© Ø¨Ø§Ù„Ø¯Ø§Ù„Ø© Ø§Ù„Ø£Ø³ÙŠØ©. ÙŠØ¨Ø¯Ø£ Ø¨Ø£Ø³Ø¦Ù„Ø© Ø¹Ù† ØªØ¹Ø±ÙŠÙ Ø§Ù„Ø¯Ø§Ù„Ø© Ø§Ù„Ø£Ø³ÙŠØ© ÙˆØµÙŠØºØªÙ‡Ø§', 'uploads/677ee8a6cee60_dzexams-docs-3as-904742.pdf', 'uploads/677ee8a6cf25e_dzexams-docs-3as-907501.pdf', '2025-01-17', 'exam'),
(6, 5, 7, 'ØªÙ‚ÙˆÙŠÙ… Ø­ÙˆÙ„ Ø§Ù„Ù…Ø¬Ø§Ù…ÙŠØ¹ ÙÙŠ ÙˆØ­Ø¯Ø© Ø§Ù„Ù…ØªØªØ§Ù„ÙŠØ§Øª', 'ÙŠØ±ÙƒØ² Ù‡Ø°Ø§ Ø§Ù„ØªÙ‚ÙˆÙŠÙ… Ø¹Ù„Ù‰ Ø§Ø®ØªØ¨Ø§Ø± ÙÙ‡Ù…Ùƒ Ù„Ù„Ù…ÙØ§Ù‡ÙŠÙ… Ø§Ù„Ù…ØªØ¹Ù„Ù‚Ø© Ø¨Ø­Ø³Ø§Ø¨ Ø§Ù„Ù…Ø¬Ø§Ù…ÙŠØ¹ ÙÙŠ ÙˆØ­Ø¯Ø© Ø§Ù„Ù…ØªØªØ§Ù„ÙŠØ§Øª. ÙŠØ´Ù…Ù„ Ø£Ø³Ø¦Ù„Ø© Ø­ÙˆÙ„', 'uploads/677ee95496fdd_dzexams-docs-3as-904742.pdf', 'uploads/677ee954972fe_dzexams-docs-3as-907501.pdf', '2025-01-23', 'assignment'),
(7, 5, 5, 'ØªÙ‚ÙˆÙŠÙ… ØªØ¯Ø±ÙŠØ¨ÙŠ Ø­ÙˆÙ„ Ø§Ù„Ù†Ù‡Ø§ÙŠØ§Øª ÙÙŠ Ø§Ù„Ø¯ÙˆÙ„ Ø§Ù„Ø£Ø³ÙŠØ©', 'ÙŠÙ‡Ø¯Ù Ù‡Ø°Ø§ Ø§Ù„ØªÙ‚ÙˆÙŠÙ… Ø¥Ù„Ù‰ Ù‚ÙŠØ§Ø³ Ù…Ø¯Ù‰ Ø§Ø³ØªÙŠØ¹Ø§Ø¨Ùƒ Ù„Ù…ÙÙ‡ÙˆÙ… Ø§Ù„Ù†Ù‡Ø§ÙŠØ§Øª ÙˆØªØ·Ø¨ÙŠÙ‚Ù‡Ø§ ÙÙŠ Ø§Ù„Ø¯ÙˆØ§Ù„ Ø§Ù„Ø£Ø³ÙŠØ©. ÙŠØªØ¶Ù…Ù† Ø£Ø³Ø¦Ù„Ø© Ø­ÙˆÙ„ Ø­Ø³', 'uploads/677ee97a7fbdb_dzexams-docs-3as-904742.pdf', 'uploads/677ee97a7fe9f_dzexams-docs-3as-907501.pdf', '2025-01-24', 'assignment');

-- --------------------------------------------------------

--
-- Table structure for table `tutorialmaterials`
--

CREATE TABLE `tutorialmaterials` (
  `MaterialID` int(11) NOT NULL,
  `Material_content` varchar(5000) DEFAULT NULL,
  `tutorial_ID` int(11) DEFAULT NULL
) ENGINE=InnoDB DEFAULT CHARSET=utf8mb4 COLLATE=utf8mb4_general_ci;

--
-- Dumping data for table `tutorialmaterials`
--

INSERT INTO `tutorialmaterials` (`MaterialID`, `Material_content`, `tutorial_ID`) VALUES
(2, 'uploads/materials/dzexams-docs-3as-907501.pdf', 2),
(3, 'uploads/materials/dzexams-docs-3as-907500.pdf', 2),
(4, 'uploads/materials/dzexams-docs-3as-907499.pdf', 2),
(5, 'uploads/materials/dzexams-docs-3as-904742.pdf', 2),
(6, 'uploads/materials/dzexams-docs-3as-907501.pdf', 3),
(7, 'uploads/materials/dzexams-docs-3as-907500.pdf', 3),
(8, 'uploads/materials/dzexams-docs-3as-907499.pdf', 3),
(9, 'uploads/materials/dzexams-docs-3as-907501.pdf', 4),
(10, 'uploads/materials/dzexams-docs-3as-907501.pdf', 5),
(11, 'uploads/materials/dzexams-docs-3as-907500.pdf', 6),
(12, 'uploads/materials/dzexams-docs-3as-907499.pdf', 6),
(13, 'uploads/materials/dzexams-docs-3as-907500.pdf', 7),
(14, 'uploads/materials/dzexams-docs-3as-907499.pdf', 8),
(15, 'uploads/materials/dzexams-docs-3as-904742.pdf', 8),
(16, 'uploads/materials/dzexams-docs-3as-907501.pdf', 9),
(17, 'uploads/materials/dzexams-docs-3as-907500.pdf', 9),
(18, 'uploads/materials/dzexams-docs-3as-907501.pdf', 10),
(19, 'uploads/materials/dzexams-docs-3as-904742.pdf', 11),
(20, 'uploads/materials/Exercices-Variables-aleatoires-a-densite.pdf', 11),
(21, 'uploads/materials/dzexams-docs-3as-907500.pdf', 12);

-- --------------------------------------------------------

--
-- Table structure for table `tutorials`
--

CREATE TABLE `tutorials` (
  `tutorial_ID` int(11) NOT NULL,
  `tutorial_title` varchar(100) DEFAULT NULL,
  `tutorial_description` varchar(100) DEFAULT NULL,
  `course_ID` int(11) DEFAULT NULL,
  `tutorial_video` varchar(100) DEFAULT NULL,
  `UserID` int(11) DEFAULT NULL
) ENGINE=InnoDB DEFAULT CHARSET=utf8mb4 COLLATE=utf8mb4_general_ci;

--
-- Dumping data for table `tutorials`
--

INSERT INTO `tutorials` (`tutorial_ID`, `tutorial_title`, `tutorial_description`, `course_ID`, `tutorial_video`, `UserID`) VALUES
(2, 'Ù…Ù‚Ø¯Ù…Ø© Ø¥Ù„Ù‰ Ø§Ù„Ø¯Ø§Ù„Ø© Ø§Ù„Ø£Ø³ÙŠØ©', 'ÙÙŠ Ù‡Ø°Ø§ Ø§Ù„ÙØµÙ„ØŒ Ø³Ù†ØªØ¹Ø±Ù Ø¹Ù„Ù‰ Ø§Ù„Ù…ÙÙ‡ÙˆÙ… Ø§Ù„Ø£Ø³Ø§Ø³ÙŠ Ù„Ù„Ø¯Ø§Ù„Ø© Ø§Ù„Ø£Ø³ÙŠØ© ÙˆØµÙŠØºØªÙ‡Ø§ Ø§Ù„Ø¹Ø§Ù…Ø©. Ø³Ù†Ø³ØªØ¹Ø±Ø¶ Ø£ØµÙˆÙ„ Ù‡Ø°Ù‡ Ø§Ù„Ø¯Ø§Ù„Ø© ÙˆØ£Ù‡Ù…ÙŠ', 5, 'uploads/videos/yt1z.net - Ù…Ø±Ø§Ø¬Ø¹Ø© Ø§Ø®ØªØ¨Ø§Ø±Ø§Øª Ø§Ù„ÙØµÙ„ Ø§Ù„Ø£ÙˆÙ„ ðŸ”¥.mp4', 5),
(3, 'Ø®ØµØ§Ø¦Øµ Ø§Ù„Ø¯ÙˆØ§Ù„ Ø§Ù„Ø£Ø³ÙŠØ©', 'Ù†Ù†Ø§Ù‚Ø´ ÙÙŠ Ù‡Ø°Ø§ Ø§Ù„ÙØµÙ„ Ø§Ù„Ø®ØµØ§Ø¦Øµ Ø§Ù„Ø£Ø³Ø§Ø³ÙŠØ© Ù„Ù„Ø¯ÙˆØ§Ù„ Ø§Ù„Ø£Ø³ÙŠØ©ØŒ Ù…Ø«Ù„ Ø§Ù„Ù†Ù…Ùˆ Ø§Ù„Ø£Ø³ÙŠØŒ ØªØºÙŠØ±Ø§Øª Ø§Ù„Ù‚ÙŠÙ… Ø¨Ù†Ø§Ø¡Ù‹ Ø¹Ù„Ù‰ Ù‚Ø§Ø¹Ø¯Ø© Ø§Ù„Ø£', 5, 'uploads/videos/yt1z.net - Ø§Ù„ØªØ¹Ø±ÙŠÙ Ø¨ÙÙƒØ±Ø© Ø³Ù„Ø³Ù„Ø© Ø£Ø³Ø§Ø³ÙŠØ§Øª Ø§Ù„Ø±ÙŠØ§Ø¶ÙŠØ§Øª.mp4', 5),
(4, 'Ø§Ù„Ø¹Ù„Ø§Ù‚Ø© Ø¨ÙŠÙ† Ø§Ù„Ø¯ÙˆØ§Ù„ Ø§Ù„Ø£Ø³ÙŠØ© ÙˆØ§Ù„Ù„ÙˆØºØ§Ø±ÙŠØªÙ…ÙŠØ©', 'Ø³Ù†ØªÙ†Ø§ÙˆÙ„ ÙÙŠ Ù‡Ø°Ø§ Ø§Ù„ÙØµÙ„ Ø§Ù„Ø¹Ù„Ø§Ù‚Ø© Ø§Ù„ÙˆØ«ÙŠÙ‚Ø© Ø¨ÙŠÙ† Ø§Ù„Ø¯ÙˆØ§Ù„ Ø§Ù„Ø£Ø³ÙŠØ© ÙˆØ§Ù„Ø¯ÙˆØ§Ù„ Ø§Ù„Ù„ÙˆØºØ§Ø±ÙŠØªÙ…ÙŠØ©. Ø³ØªØªØ¹Ù„Ù… ÙƒÙŠÙÙŠØ© Ø§Ù„Ø§Ù†ØªÙ‚Ø§Ù„ Ø¨', 5, 'uploads/videos/yt1z.net - Ø£Ù‚ÙˆÙ‰ ØªØ­Ø¶ÙŠØ± Ù„Ù„Ø¨Ø§ÙƒØ§Ù„ÙˆØ±ÙŠØ§ Ø§Ù„ØªØ¬Ø±ÙŠØ¨ÙŠØ© 2024 Ø¹Ø¨Ø± Ù‚Ù†Ø§Ø© Ø§Ù„Ø£Ø³ØªØ§Ø° Ø¹Ø¨Ø¯ Ø§Ù„Ø¨Ø§Ø³Ø· ðŸ”¥.mp4', 5),
(5, 'Ù…Ù‚Ø¯Ù…Ø© Ø¥Ù„Ù‰ Ø§Ù„Ø§Ø­ØªÙ…Ø§Ù„Ø§Øª', 'ÙÙŠ Ù‡Ø°Ø§ Ø§Ù„ÙØµÙ„ØŒ Ø³Ù†ØªØ¹Ø±Ù Ø¹Ù„Ù‰ Ù…ÙÙ‡ÙˆÙ… Ø§Ù„Ø§Ø­ØªÙ…Ø§Ù„Ø§Øª Ø¨Ø´ÙƒÙ„ Ø¹Ø§Ù…ØŒ ÙˆÙ†ÙÙ‡Ù… Ø£Ø³Ø§Ø³ÙŠØ§Øª Ø§Ù„ØªØ¬Ø±Ø¨Ø© Ø§Ù„Ø¹Ø´ÙˆØ§Ø¦ÙŠØ©. Ø³ØªØ¨Ø¯Ø£ Ø±Ø­Ù„ØªÙƒ Ù…Ø¹ ', 6, 'uploads/videos/yt1z.net - Ù…Ø±Ø§Ø¬Ø¹Ø© Ø§Ø®ØªØ¨Ø§Ø±Ø§Øª Ø§Ù„ÙØµÙ„ Ø§Ù„Ø£ÙˆÙ„ ðŸ”¥.mp4', 5),
(6, ' Ø§Ù„Ù…Ø³Ù„Ù…Ø§Øª Ø§Ù„Ø£Ø³Ø§Ø³ÙŠØ© ÙˆÙ‚ÙˆØ§Ø¹Ø¯ Ø§Ù„Ø§Ø­ØªÙ…Ø§Ù„Ø§Øª', 'ÙŠØ´Ø±Ø­ Ù‡Ø°Ø§ Ø§Ù„ÙØµÙ„ Ø§Ù„Ù…Ø³Ù„Ù…Ø§Øª Ø§Ù„Ø£Ø³Ø§Ø³ÙŠØ© Ø§Ù„ØªÙŠ ØªÙ‚ÙˆÙ… Ø¹Ù„ÙŠÙ‡Ø§ Ø§Ù„Ø§Ø­ØªÙ…Ø§Ù„Ø§ØªØŒ Ø¨Ø§Ù„Ø¥Ø¶Ø§ÙØ© Ø¥Ù„Ù‰ Ø§Ù„Ù‚ÙˆØ§Ø¹Ø¯ Ø§Ù„Ø±Ø¦ÙŠØ³ÙŠØ© Ù…Ø«Ù„ Ù‚Ø§Ø¹Ø¯Ø©', 6, 'uploads/videos/yt1z.net - Ø£Ù‚ÙˆÙ‰ ØªØ­Ø¶ÙŠØ± Ù„Ù„Ø¨Ø§ÙƒØ§Ù„ÙˆØ±ÙŠØ§ Ø§Ù„ØªØ¬Ø±ÙŠØ¨ÙŠØ© 2024 Ø¹Ø¨Ø± Ù‚Ù†Ø§Ø© Ø§Ù„Ø£Ø³ØªØ§Ø° Ø¹Ø¨Ø¯ Ø§Ù„Ø¨Ø§Ø³Ø· ðŸ”¥.mp4', 5),
(7, 'Ù…ÙÙ‡ÙˆÙ… Ø§Ù„Ù†Ù‡Ø§ÙŠØ© ÙˆØ§Ù„Ø§Ù‚ØªØ±Ø§Ø¨', 'ÙÙŠ Ù‡Ø°Ø§ Ø§Ù„ÙØµÙ„ØŒ Ù†ØªØ¹Ø±Ù Ø¹Ù„Ù‰ ØªØ¹Ø±ÙŠÙ Ø§Ù„Ù†Ù‡Ø§ÙŠØ© ÙˆÙ…ÙÙ‡ÙˆÙ… Ø§Ù„Ø§Ù‚ØªØ±Ø§Ø¨ Ù…Ù† Ø§Ù„Ù‚ÙŠÙ… Ø§Ù„Ø¹Ø¯Ø¯ÙŠØ©. Ø³ØªØªØ¹Ù„Ù… ÙƒÙŠÙ ØªÙ‚ØªØ±Ø¨ Ø§Ù„Ø¯ÙˆØ§Ù„ Ù…Ù† Ù‚', 9, 'uploads/videos/yt1z.net - Ù…Ø±Ø§Ø¬Ø¹Ø© Ø§Ø®ØªØ¨Ø§Ø±Ø§Øª Ø§Ù„ÙØµÙ„ Ø§Ù„Ø£ÙˆÙ„ ðŸ”¥.mp4', 5),
(8, 'Ø§Ù„Ø®ÙˆØ§Øµ ÙˆØ§Ù„Ù‚ÙˆØ§Ù†ÙŠÙ† Ø§Ù„Ø£Ø³Ø§Ø³ÙŠØ© Ù„Ù„Ù†Ù‡Ø§ÙŠØ§Øª', 'ÙŠØ´Ø±Ø­ Ù‡Ø°Ø§ Ø§Ù„ÙØµÙ„ Ø§Ù„Ù‚ÙˆØ§Ø¹Ø¯ ÙˆØ§Ù„Ø®ÙˆØ§Øµ Ø§Ù„Ø£Ø³Ø§Ø³ÙŠØ© Ù„Ù„Ù†Ù‡Ø§ÙŠØ§ØªØŒ Ù…Ø«Ù„ Ø§Ù„Ø¬Ù…Ø¹ØŒ Ø§Ù„Ø·Ø±Ø­ØŒ Ø§Ù„Ø¶Ø±Ø¨ØŒ ÙˆØ§Ù„Ù‚Ø³Ù…Ø©. Ø³ØªØªØ¹Ø±Ù Ø¹Ù„Ù‰ ÙƒÙŠÙÙŠØ©', 9, 'uploads/videos/yt1z.net - Ø£Ù‚ÙˆÙ‰ ØªØ­Ø¶ÙŠØ± Ù„Ù„Ø¨Ø§ÙƒØ§Ù„ÙˆØ±ÙŠØ§ Ø§Ù„ØªØ¬Ø±ÙŠØ¨ÙŠØ© 2024 Ø¹Ø¨Ø± Ù‚Ù†Ø§Ø© Ø§Ù„Ø£Ø³ØªØ§Ø° Ø¹Ø¨Ø¯ Ø§Ù„Ø¨Ø§Ø³Ø· ðŸ”¥.mp4', 5),
(9, 'ØªØ¹Ø±ÙŠÙ Ø§Ù„Ù…Ø¹Ø§Ø¯Ù„Ø© ÙˆØ§Ù„Ù…ØªØ±Ø§Ø¬Ø­Ø© ÙˆØ§Ù„ÙØ±Ù‚ Ø¨ÙŠÙ†Ù‡Ù…Ø§', 'ÙÙŠ Ù‡Ø°Ø§ Ø§Ù„ÙØµÙ„ØŒ Ø³Ù†ØªØ¹Ø±Ù Ø¹Ù„Ù‰ Ù…ÙÙ‡ÙˆÙ… Ø§Ù„Ù…Ø¹Ø§Ø¯Ù„Ø© ÙˆØ§Ù„Ù…ØªØ±Ø§Ø¬Ø­Ø© Ù…Ø¹ ØªÙˆØ¶ÙŠØ­ Ø§Ù„ÙØ±Ù‚ Ø¨ÙŠÙ†Ù‡Ù…Ø§. Ø³ØªØªØ¹Ù„Ù… Ø§Ù„Ø£Ø³Ø§Ø³ÙŠØ§Øª Ø§Ù„Ù„Ø§Ø²Ù…Ø© Ù„', 8, 'uploads/videos/yt1z.net - Ø§Ù„ØªØ¹Ø±ÙŠÙ Ø¨ÙÙƒØ±Ø© Ø³Ù„Ø³Ù„Ø© Ø£Ø³Ø§Ø³ÙŠØ§Øª Ø§Ù„Ø±ÙŠØ§Ø¶ÙŠØ§Øª.mp4', 5),
(10, 'Ø·Ø±Ù‚ Ø­Ù„ Ø§Ù„Ù…Ø¹Ø§Ø¯Ù„Ø§Øª Ø§Ù„Ø®Ø·ÙŠØ©', 'ÙŠÙØ±ÙƒØ² Ù‡Ø°Ø§ Ø§Ù„ÙØµÙ„ Ø¹Ù„Ù‰ Ø¯Ø±Ø§Ø³Ø© Ø§Ù„Ø·Ø±Ù‚ Ø§Ù„Ù…Ø®ØªÙ„ÙØ© Ù„Ø­Ù„ Ø§Ù„Ù…Ø¹Ø§Ø¯Ù„Ø§Øª Ø§Ù„Ø®Ø·ÙŠØ© Ø¨Ø£Ù†ÙˆØ§Ø¹Ù‡Ø§ØŒ Ù…Ø«Ù„ Ø§Ù„Ù…Ø¹Ø§Ø¯Ù„Ø§Øª Ø°Ø§Øª Ø§Ù„Ù…ØªØºÙŠØ± Ø§Ù„', 8, 'uploads/videos/yt1z.net - Ø§Ù„ØªØ¹Ø±ÙŠÙ Ø¨ÙÙƒØ±Ø© Ø³Ù„Ø³Ù„Ø© Ø£Ø³Ø§Ø³ÙŠØ§Øª Ø§Ù„Ø±ÙŠØ§Ø¶ÙŠØ§Øª.mp4', 5),
(11, 'ØªØ¹Ø±ÙŠÙ Ø§Ù„Ù…ØªØªØ§Ù„ÙŠØ§Øª Ø§Ù„Ø¹Ø¯Ø¯ÙŠØ© ÙˆÙ…ÙÙ‡ÙˆÙ… Ø§Ù„Ø­Ø¯ Ø§Ù„Ù†ÙˆÙ†ÙŠ', 'ÙÙŠ Ù‡Ø°Ø§ Ø§Ù„ÙØµÙ„ØŒ Ø³Ù†ØªØ¹Ø±Ù Ø¹Ù„Ù‰ Ø§Ù„Ù…ØªØªØ§Ù„ÙŠØ§Øª Ø§Ù„Ø¹Ø¯Ø¯ÙŠØ© ÙˆÙ†Ø´Ø±Ø­ Ù…ÙÙ‡ÙˆÙ… Ø§Ù„Ø­Ø¯ Ø§Ù„Ù†ÙˆÙ†ÙŠ. Ø³ØªØªØ¹Ù„Ù… ÙƒÙŠÙ ØªÙØ¹Ø±Ù‘Ù Ø§Ù„Ù…ØªØªØ§Ù„ÙŠØ§Øª Ø±ÙŠ', 7, 'uploads/videos/yt1z.net - Ø£Ù‚ÙˆÙ‰ ØªØ­Ø¶ÙŠØ± Ù„Ù„Ø¨Ø§ÙƒØ§Ù„ÙˆØ±ÙŠØ§ Ø§Ù„ØªØ¬Ø±ÙŠØ¨ÙŠØ© 2024 Ø¹Ø¨Ø± Ù‚Ù†Ø§Ø© Ø§Ù„Ø£Ø³ØªØ§Ø° Ø¹Ø¨Ø¯ Ø§Ù„Ø¨Ø§Ø³Ø· ðŸ”¥.mp4', 5),
(12, 'Ø£Ù†ÙˆØ§Ø¹ Ø§Ù„Ù…ØªØªØ§Ù„ÙŠØ§Øª: Ø§Ù„Ø­Ø³Ø§Ø¨ÙŠØ© ÙˆØ§Ù„Ù‡Ù†Ø¯Ø³ÙŠØ© ÙˆØ§Ù„Ø¹Ø§Ù…Ø©', 'ÙŠØ±ÙƒØ² Ù‡Ø°Ø§ Ø§Ù„ÙØµÙ„ Ø¹Ù„Ù‰ ØªØµÙ†ÙŠÙ Ø§Ù„Ù…ØªØªØ§Ù„ÙŠØ§Øª Ø¥Ù„Ù‰ Ù…ØªØªØ§Ù„ÙŠØ§Øª Ø­Ø³Ø§Ø¨ÙŠØ©ØŒ Ù‡Ù†Ø¯Ø³ÙŠØ©ØŒ ÙˆØ¹Ø§Ù…Ø©. Ø³ØªØªØ¹Ø±Ù Ø¹Ù„Ù‰ Ø§Ù„ÙØ±ÙˆÙ‚Ø§Øª Ø¨ÙŠÙ† Ù‡Ø°Ù‡ ', 7, 'uploads/videos/yt1z.net - Ø§Ù„ØªØ¹Ø±ÙŠÙ Ø¨ÙÙƒØ±Ø© Ø³Ù„Ø³Ù„Ø© Ø£Ø³Ø§Ø³ÙŠØ§Øª Ø§Ù„Ø±ÙŠØ§Ø¶ÙŠØ§Øª.mp4', 5);

-- --------------------------------------------------------

--
-- Table structure for table `tutorialsummary`
--

CREATE TABLE `tutorialsummary` (
  `SummaryID` int(11) NOT NULL,
  `summary_content` varchar(5000) DEFAULT NULL,
  `tutorial_ID` int(11) DEFAULT NULL
) ENGINE=InnoDB DEFAULT CHARSET=utf8mb4 COLLATE=utf8mb4_general_ci;

--
-- Dumping data for table `tutorialsummary`
--

INSERT INTO `tutorialsummary` (`SummaryID`, `summary_content`, `tutorial_ID`) VALUES
(2, 'uploads/summaries/dzexams-docs-3as-904742.pdf', 2),
(3, 'uploads/summaries/dzexams-docs-3as-904742.pdf', 3),
(4, 'uploads/summaries/dzexams-docs-3as-907500.pdf', 4),
(5, 'uploads/summaries/dzexams-docs-3as-907499.pdf', 4),
(6, 'uploads/summaries/dzexams-docs-3as-904742.pdf', 4),
(7, 'uploads/summaries/dzexams-docs-3as-907500.pdf', 5),
(8, 'uploads/summaries/dzexams-docs-3as-907499.pdf', 5),
(9, 'uploads/summaries/dzexams-docs-3as-904742.pdf', 5),
(10, 'uploads/summaries/Exercices-Variables-aleatoires-a-densite.pdf', 5),
(11, 'uploads/summaries/dzexams-docs-3as-907500.pdf', 6),
(12, 'uploads/summaries/dzexams-docs-3as-904742.pdf', 7),
(13, 'uploads/summaries/Exercices-Variables-aleatoires-a-densite.pdf', 7),
(14, 'uploads/summaries/dzexams-docs-3as-907501.pdf', 8),
(15, 'uploads/summaries/Exercices-Variables-aleatoires-a-densite.pdf', 9),
(16, 'uploads/summaries/Exercices-Variables-aleatoires-a-densite.pdf', 10),
(17, 'uploads/summaries/dzexams-docs-3as-907500.pdf', 11),
(18, 'uploads/summaries/dzexams-docs-3as-904742.pdf', 12);

-- --------------------------------------------------------

--
-- Table structure for table `user`
--

CREATE TABLE `user` (
  `UserID` int(11) NOT NULL,
  `User_Email` varchar(100) NOT NULL,
  `User_Password` varchar(255) NOT NULL,
  `Role` varchar(10) NOT NULL CHECK (`Role` in ('Student','Admin')),
  `User_FirstName` varchar(100) DEFAULT NULL,
  `User_LastName` varchar(100) DEFAULT NULL,
  `User_Phone` varchar(15) DEFAULT NULL,
  `User_Branch` varchar(100) DEFAULT NULL CHECK (`User_Branch` in ('ST','MT','ML')),
  `User_Level` varchar(100) DEFAULT NULL CHECK (`User_Level` in ('1AS','2AS','3AS')),
  `User_Points` int(11) DEFAULT 0 CHECK (`User_Points` >= 0)
) ENGINE=InnoDB DEFAULT CHARSET=utf8mb4 COLLATE=utf8mb4_general_ci;

--
-- Dumping data for table `user`
--

INSERT INTO `user` (`UserID`, `User_Email`, `User_Password`, `Role`, `User_FirstName`, `User_LastName`, `User_Phone`, `User_Branch`, `User_Level`, `User_Points`) VALUES
(2, 'adminadmin@gmail.com', '$2y$10$txyuYrPVvwZMULCpRZA13e560N.VHrmyUz6I4Ku6bFtgRIIeOdt/C', 'Admin', 'Admin', 'TOP', NULL, NULL, NULL, 0),
(3, 'adel@gmail.com', '$2y$10$RTzvhh4Ez1QDz7GYCsxGD.XyqN8xpe.Vr4lhNtNwUN92K2FpZfK12', 'Student', 'Abderraouf', 'Garamida', '0712345678', 'MT', '3AS', 8999500),
(4, 'hassan@gmail.com', '$2y$10$lkU9XD1rR1IQqVL2INBN1.DZmroaD4R7QrF9tC7uFCku7PFuDAPR.', 'Student', 'Hassan', 'Ait ahmed lamara', '0787699321', 'MT', '2AS', 5000),
(5, 'admin2@gmail.com', '$2y$10$qLNtz..r7F6FQlDCye4Qk.DNwg56Drmv9jgVIJYv5sE7ZDM2E2jfq', 'Admin', 'Admin', 'Admin', NULL, NULL, NULL, 0);

--
-- Indexes for dumped tables
--

--
-- Indexes for table `course`
--
ALTER TABLE `course`
  ADD PRIMARY KEY (`CourseID`),
  ADD KEY `fk_Course_UserID` (`UserID`);

--
-- Indexes for table `coursesummarize`
--
ALTER TABLE `coursesummarize`
  ADD PRIMARY KEY (`summarizeID`),
  ADD KEY `fk_CourseSummarize_CourseID` (`CourseID`);

--
-- Indexes for table `feedback`
--
ALTER TABLE `feedback`
  ADD PRIMARY KEY (`FeedbackID`),
  ADD KEY `fk_Feedback_UserID` (`UserID`);

--
-- Indexes for table `message`
--
ALTER TABLE `message`
  ADD PRIMARY KEY (`MessageID`),
  ADD KEY `fk_Message_UserID` (`UserID`);

--
-- Indexes for table `password_reset_codes`
--
ALTER TABLE `password_reset_codes`
  ADD PRIMARY KEY (`PassID`),
  ADD KEY `UserID` (`UserID`);

--
-- Indexes for table `payement`
--
ALTER TABLE `payement`
  ADD PRIMARY KEY (`PayementID`),
  ADD KEY `fk_Payment_StudentID` (`StudentID`),
  ADD KEY `fk_Payment_AdminID` (`AdminID`);

--
-- Indexes for table `post`
--
ALTER TABLE `post`
  ADD PRIMARY KEY (`PostID`),
  ADD KEY `fk_Post_UserID` (`UserID`);

--
-- Indexes for table `studentcourse`
--
ALTER TABLE `studentcourse`
  ADD PRIMARY KEY (`CourseID`,`UserID`),
  ADD KEY `fk_StudentCourse_UserID` (`UserID`);

--
-- Indexes for table `studentpost`
--
ALTER TABLE `studentpost`
  ADD PRIMARY KEY (`PostID`,`UserID`),
  ADD KEY `fk_StudentPost_UserID` (`UserID`);

--
-- Indexes for table `studentsecurity`
--
ALTER TABLE `studentsecurity`
  ADD PRIMARY KEY (`studSecuID`),
  ADD KEY `fk_StudentSecurity_UserID` (`UserID`);

--
-- Indexes for table `studenttasks`
--
ALTER TABLE `studenttasks`
  ADD PRIMARY KEY (`TaskID`,`StudentID`,`CourseID`),
  ADD KEY `fk_StudentTasks_StudentID` (`StudentID`),
  ADD KEY `fk_StudentTasks_CourseID` (`CourseID`);

--
-- Indexes for table `tasks`
--
ALTER TABLE `tasks`
  ADD PRIMARY KEY (`TaskID`),
  ADD KEY `fk_Tasks_CourseID` (`course_ID`),
  ADD KEY `fk_Tasks_UserID` (`UserID`);

--
-- Indexes for table `tutorialmaterials`
--
ALTER TABLE `tutorialmaterials`
  ADD PRIMARY KEY (`MaterialID`),
  ADD KEY `fk_TutorialMaterials_tutorial_ID` (`tutorial_ID`);

--
-- Indexes for table `tutorials`
--
ALTER TABLE `tutorials`
  ADD PRIMARY KEY (`tutorial_ID`),
  ADD KEY `fk_Tutorials_UserID` (`UserID`),
  ADD KEY `fk_Tutorials_CourseID` (`course_ID`);

--
-- Indexes for table `tutorialsummary`
--
ALTER TABLE `tutorialsummary`
  ADD PRIMARY KEY (`SummaryID`),
  ADD KEY `fk_TutorialSummary_tutorial_ID` (`tutorial_ID`);

--
-- Indexes for table `user`
--
ALTER TABLE `user`
  ADD PRIMARY KEY (`UserID`),
  ADD UNIQUE KEY `User_Email` (`User_Email`);

--
-- AUTO_INCREMENT for dumped tables
--

--
-- AUTO_INCREMENT for table `course`
--
ALTER TABLE `course`
  MODIFY `CourseID` int(11) NOT NULL AUTO_INCREMENT, AUTO_INCREMENT=11;

--
-- AUTO_INCREMENT for table `coursesummarize`
--
ALTER TABLE `coursesummarize`
  MODIFY `summarizeID` int(11) NOT NULL AUTO_INCREMENT, AUTO_INCREMENT=5;

--
-- AUTO_INCREMENT for table `feedback`
--
ALTER TABLE `feedback`
  MODIFY `FeedbackID` int(11) NOT NULL AUTO_INCREMENT;

--
-- AUTO_INCREMENT for table `message`
--
ALTER TABLE `message`
  MODIFY `MessageID` int(11) NOT NULL AUTO_INCREMENT;

--
-- AUTO_INCREMENT for table `password_reset_codes`
--
ALTER TABLE `password_reset_codes`
  MODIFY `PassID` int(11) NOT NULL AUTO_INCREMENT;

--
-- AUTO_INCREMENT for table `payement`
--
ALTER TABLE `payement`
  MODIFY `PayementID` int(11) NOT NULL AUTO_INCREMENT, AUTO_INCREMENT=5;

--
-- AUTO_INCREMENT for table `post`
--
ALTER TABLE `post`
  MODIFY `PostID` int(11) NOT NULL AUTO_INCREMENT, AUTO_INCREMENT=4;

--
-- AUTO_INCREMENT for table `studentsecurity`
--
ALTER TABLE `studentsecurity`
  MODIFY `studSecuID` int(11) NOT NULL AUTO_INCREMENT, AUTO_INCREMENT=19;

--
-- AUTO_INCREMENT for table `tasks`
--
ALTER TABLE `tasks`
  MODIFY `TaskID` int(11) NOT NULL AUTO_INCREMENT, AUTO_INCREMENT=8;

--
-- AUTO_INCREMENT for table `tutorialmaterials`
--
ALTER TABLE `tutorialmaterials`
  MODIFY `MaterialID` int(11) NOT NULL AUTO_INCREMENT, AUTO_INCREMENT=22;

--
-- AUTO_INCREMENT for table `tutorials`
--
ALTER TABLE `tutorials`
  MODIFY `tutorial_ID` int(11) NOT NULL AUTO_INCREMENT, AUTO_INCREMENT=13;

--
-- AUTO_INCREMENT for table `tutorialsummary`
--
ALTER TABLE `tutorialsummary`
  MODIFY `SummaryID` int(11) NOT NULL AUTO_INCREMENT, AUTO_INCREMENT=19;

--
-- AUTO_INCREMENT for table `user`
--
ALTER TABLE `user`
  MODIFY `UserID` int(11) NOT NULL AUTO_INCREMENT, AUTO_INCREMENT=6;

--
-- Constraints for dumped tables
--

--
-- Constraints for table `course`
--
ALTER TABLE `course`
  ADD CONSTRAINT `fk_Course_UserID` FOREIGN KEY (`UserID`) REFERENCES `user` (`UserID`) ON DELETE CASCADE;

--
-- Constraints for table `coursesummarize`
--
ALTER TABLE `coursesummarize`
  ADD CONSTRAINT `fk_CourseSummarize_CourseID` FOREIGN KEY (`CourseID`) REFERENCES `course` (`CourseID`) ON DELETE CASCADE;

--
-- Constraints for table `feedback`
--
ALTER TABLE `feedback`
  ADD CONSTRAINT `fk_Feedback_UserID` FOREIGN KEY (`UserID`) REFERENCES `user` (`UserID`);

--
-- Constraints for table `message`
--
ALTER TABLE `message`
  ADD CONSTRAINT `fk_Message_UserID` FOREIGN KEY (`UserID`) REFERENCES `user` (`UserID`);

--
-- Constraints for table `password_reset_codes`
--
ALTER TABLE `password_reset_codes`
  ADD CONSTRAINT `password_reset_codes_ibfk_1` FOREIGN KEY (`UserID`) REFERENCES `user` (`UserID`);

--
-- Constraints for table `payement`
--
ALTER TABLE `payement`
  ADD CONSTRAINT `fk_Payment_AdminID` FOREIGN KEY (`AdminID`) REFERENCES `user` (`UserID`),
  ADD CONSTRAINT `fk_Payment_StudentID` FOREIGN KEY (`StudentID`) REFERENCES `user` (`UserID`);

--
-- Constraints for table `post`
--
ALTER TABLE `post`
  ADD CONSTRAINT `fk_Post_UserID` FOREIGN KEY (`UserID`) REFERENCES `user` (`UserID`) ON DELETE CASCADE;

--
-- Constraints for table `studentcourse`
--
ALTER TABLE `studentcourse`
  ADD CONSTRAINT `fk_StudentCourse_CourseID` FOREIGN KEY (`CourseID`) REFERENCES `course` (`CourseID`) ON DELETE CASCADE,
  ADD CONSTRAINT `fk_StudentCourse_UserID` FOREIGN KEY (`UserID`) REFERENCES `user` (`UserID`) ON DELETE CASCADE;

--
-- Constraints for table `studentpost`
--
ALTER TABLE `studentpost`
  ADD CONSTRAINT `fk_StudentPost_PostID` FOREIGN KEY (`PostID`) REFERENCES `post` (`PostID`),
  ADD CONSTRAINT `fk_StudentPost_UserID` FOREIGN KEY (`UserID`) REFERENCES `user` (`UserID`);

--
-- Constraints for table `studentsecurity`
--
ALTER TABLE `studentsecurity`
  ADD CONSTRAINT `fk_StudentSecurity_UserID` FOREIGN KEY (`UserID`) REFERENCES `user` (`UserID`) ON DELETE CASCADE;

--
-- Constraints for table `studenttasks`
--
ALTER TABLE `studenttasks`
  ADD CONSTRAINT `fk_StudentTasks_CourseID` FOREIGN KEY (`CourseID`) REFERENCES `course` (`CourseID`),
  ADD CONSTRAINT `fk_StudentTasks_StudentID` FOREIGN KEY (`StudentID`) REFERENCES `user` (`UserID`),
  ADD CONSTRAINT `fk_StudentTasks_TaskID` FOREIGN KEY (`TaskID`) REFERENCES `tasks` (`TaskID`) ON DELETE CASCADE;

--
-- Constraints for table `tasks`
--
ALTER TABLE `tasks`
  ADD CONSTRAINT `fk_Tasks_CourseID` FOREIGN KEY (`course_ID`) REFERENCES `course` (`CourseID`) ON DELETE CASCADE,
  ADD CONSTRAINT `fk_Tasks_UserID` FOREIGN KEY (`UserID`) REFERENCES `user` (`UserID`);

--
-- Constraints for table `tutorialmaterials`
--
ALTER TABLE `tutorialmaterials`
  ADD CONSTRAINT `fk_TutorialMaterials_tutorial_ID` FOREIGN KEY (`tutorial_ID`) REFERENCES `tutorials` (`tutorial_ID`) ON DELETE CASCADE;

--
-- Constraints for table `tutorials`
--
ALTER TABLE `tutorials`
  ADD CONSTRAINT `fk_Tutorials_CourseID` FOREIGN KEY (`course_ID`) REFERENCES `course` (`CourseID`) ON DELETE CASCADE,
  ADD CONSTRAINT `fk_Tutorials_UserID` FOREIGN KEY (`UserID`) REFERENCES `user` (`UserID`);

--
-- Constraints for table `tutorialsummary`
--
ALTER TABLE `tutorialsummary`
  ADD CONSTRAINT `fk_TutorialSummary_tutorial_ID` FOREIGN KEY (`tutorial_ID`) REFERENCES `tutorials` (`tutorial_ID`) ON DELETE CASCADE;
COMMIT;

/*!40101 SET CHARACTER_SET_CLIENT=@OLD_CHARACTER_SET_CLIENT */;
/*!40101 SET CHARACTER_SET_RESULTS=@OLD_CHARACTER_SET_RESULTS */;
/*!40101 SET COLLATION_CONNECTION=@OLD_COLLATION_CONNECTION */;
